Regions,Avg_Daily_Usage
WR,210.16810706080088
SR,173.3333743137627
NR,127.90628013586449
ER,77.32822397184385
NER,7.6271718976237635
