Regions,Total_Usage
WR,486328.99973869324
NR,450102.19979810715
SR,422760.09995126724
ER,136716.29998221993
NER,12378.899989843369
